,0,1,2,3,4,5,6,7,8,9,10,11,12,13,14,15,16,17,18,19,20,21,22,23,24,25,26,27,28,29,30,31,32,33,34,35,36,37,38,39,40,41,42,43,44,45,46,47,48,49,50,51,52,53,54,55,56,57,58,59,60,61,62,63,64,65,66,67,68,69,70,71,72,73,74,75,76,77,78,79,80,81,82,83,84
0,0.0,5846501.4,2249644.3,1740956.0,1614788.8,2003276.3,1842038.7,1500458.4,3563684.4,975695.7,1046927.2,899080.9,2161935.1,1958224.1,2590923.5,2333629.4,1031804.6,696680.8,2555084.8,928849.2,803004.7,3187171.7,1497917.8,686657.4,3396951.0,1355444.4,1297282.8,2082853.4,935056.8,1318066.5,,,938352.1,992350.2,1085698.2,1305622.9,2112455.2,520979.2,3206934.6,882262.2,2133776.1,1646262.5,1523138.8,670106.9,494432.3,907537.1,1955556.2,1739880.1,1270128.0,1743519.4,1016241.3,860651.7,939349.5,2834769.5,3007428.3,884526.0,3094193.7,737655.1,1221909.8,2199719.2,885497.7,887967.9,2807772.3,1182857.0,1649414.0,1338457.4,2931087.6,1776866.0,959661.4,1136313.4,1265818.5,2289523.0,438022.1,2102598.9,864812.3,1661184.4,2015470.7,1248915.1,618734.9,758589.7,1306395.0,836182.2,2968147.1,1437344.8,1822999.8
1,5860803.1,0.0,6910894.5,6822307.7,4255843.5,6809139.0,4474026.1,4539648.7,7189709.1,4806148.1,4731207.7,5220608.8,5739894.1,4129094.2,7074096.6,6269557.4,6298577.7,5182225.0,6220419.5,4854055.0,5065538.5,7964001.6,5279506.2,5920954.0,7184597.5,6670503.5,4477243.6,6046102.6,4842757.5,5642683.0,,,5493528.6,4783073.5,4723438.0,5627987.9,6251250.0,6027748.2,7042287.4,5014643.3,4511929.7,6398595.5,4524797.3,5904217.2,5278307.0,4869489.3,6552491.1,5702816.4,5927888.1,5102351.1,4762568.1,5991203.1,4846525.3,7611599.4,6612589.3,4914094.3,6978548.3,5846786.4,4556499.1,4096976.4,4887253.8,4887271.9,7043225.3,5873427.6,4941551.7,4419238.7,7042296.4,5049507.6,4816278.9,6635697.5,6020638.4,3809806.6,5724220.1,4073006.7,5301674.6,5944149.8,5124884.8,4583174.5,6004488.2,6052522.4,4733444.0,5092264.2,6866671.2,5345922.9,4941408.4
2,2253915.3,6909911.1,0.0,871810.1,2934074.2,267443.5,2498398.4,3494129.8,1721979.2,3022965.8,3040598.6,3182005.5,1195936.9,3951895.5,380741.5,915024.8,1282984.1,2244673.3,1191268.3,3065935.8,2324890.7,1072613.9,3736489.0,2920537.2,1566503.1,1340174.4,3134856.4,883066.0,3072143.5,1291816.3,,,3176923.4,3000666.1,3006319.7,3607634.2,690853.0,1837005.3,1388918.3,3019348.9,4194088.0,656006.2,3516810.2,2917788.4,2751242.8,3044623.8,394162.5,1194599.0,3578169.3,3982090.6,3009912.7,1420200.6,3076436.1,720211.8,1574434.7,3021612.7,1246349.7,3025173.3,3121296.3,4193390.6,3022584.3,3025054.5,620785.9,3485447.7,3851063.4,3136321.8,862718.0,4015437.2,3020477.9,1626887.5,3471224.3,4222391.2,2676593.3,3779107.9,3103383.5,912358.8,1789110.5,3010059.0,2686120.9,2825975.6,3300066.4,2780012.5,1037884.4,1589326.9,4061571.0
3,1735345.0,6818413.1,869907.8,0.0,2844324.8,658165.2,2406900.4,3238698.6,2543638.2,2713935.9,2785167.5,2619081.8,1506029.7,3696464.3,1195271.4,1557731.2,707429.4,1960295.6,1833974.7,2667089.4,2032540.7,1460227.8,3217918.7,2265478.0,2381167.5,484702.2,2894595.2,1382850.0,2673297.1,1191106.4,,,2658353.1,2730590.4,2766058.5,2952574.9,1241124.2,1261450.6,2197474.2,2620502.4,3853777.0,637992.6,3261379.0,2262729.2,2232672.5,2645777.3,922682.2,1356589.4,2923110.0,3522689.3,2754481.5,1063244.8,2677589.7,1107825.6,2217141.0,2622766.2,2062984.0,2370114.1,2881035.1,3937959.5,2623737.9,2626208.1,1472924.3,2830388.5,3369414.9,2896060.6,1714856.3,3496866.9,2697901.6,771415.4,2816165.1,4027763.2,2108404.2,3689358.5,2584813.2,1072290.2,1905687.9,2769797.8,2031061.7,2170916.4,3044635.2,2407735.1,1845483.3,1482803.0,3543000.7
4,1614693.9,4241521.1,2932200.5,2883776.9,0.0,2761201.3,678738.5,1010494.3,3449323.3,889134.9,814194.5,1303595.7,1999508.3,1103788.9,3333710.8,2529171.7,2174625.5,936115.8,2480033.7,937041.8,819429.4,3985307.6,2008830.6,2003940.8,3444211.7,2539450.8,557915.5,2305716.8,925744.3,1648275.0,,,1576515.4,866060.3,806424.8,2029853.5,2510864.2,1781639.0,3301901.6,1097630.2,1854996.6,2404187.5,1033174.7,1987204.1,1223937.9,952476.2,2573797.1,1806239.2,2010875.0,1886479.6,845555.0,1848379.1,929512.1,3632905.4,2872203.5,997081.2,3238162.5,1929773.3,639485.9,1440043.3,970240.7,909160.2,3302839.5,1956414.5,1548966.4,522356.7,3301910.6,1735455.4,899265.7,2389588.4,2103625.2,1301168.7,1669851.0,857885.3,1384661.5,2026536.7,1384499.0,686292.5,2220394.8,2135509.2,816430.9,789342.7,3126285.4,1351514.9,1740255.9
5,2004112.2,6806975.9,270021.5,660235.8,2762188.7,0.0,2395463.2,3322244.3,1915506.1,2851080.3,2868713.1,2887849.0,1093001.7,3780010.0,611300.8,904524.7,1050379.0,2064092.1,1180768.3,2885354.7,2144309.5,1248936.2,3486685.9,2687932.1,1753035.4,1128600.0,2962970.9,780130.8,2891562.3,1125744.8,,,2927120.2,2828780.5,2834434.2,3294391.0,587917.8,1604400.2,1569342.1,2838767.7,4122544.2,406203.1,3344924.7,2685183.3,2501439.7,2864042.6,266101.8,1091663.8,3345564.1,3732287.5,2838027.2,1170397.5,2895854.9,896534.0,1563934.6,2841031.5,1434851.9,2726423.2,2949410.8,4021505.1,2842003.1,2844473.3,883638.1,3252842.6,3638182.1,2964436.3,1111791.3,3765634.1,2848592.4,1415313.2,3238619.2,4050505.7,2426790.2,3607222.4,2853580.4,809423.6,1686175.3,2838173.5,2453515.8,2593370.5,3128180.9,2599431.3,1217351.2,1417441.3,3811767.9
6,1841850.4,4471446.1,2496189.6,2407602.8,677745.9,2394434.1,0.0,1675388.5,2775004.2,1497187.7,1479088.8,1860441.3,1325189.2,1693155.7,2659391.8,1854852.6,1855470.0,1163272.3,1805714.6,1517196.7,1046585.9,3549296.7,2673724.9,2423586.7,2769892.6,2227395.8,1222809.8,1631397.8,1505899.2,1227978.1,,,2133361.1,1474888.0,1471319.1,2586699.2,1836545.1,1728765.8,2627582.5,1654475.9,2444363.5,1983890.6,1698069.0,2498923.3,1719677.7,1532631.0,2137786.2,1288111.5,2567720.7,2551373.9,1484134.6,1548095.4,1510907.0,3196894.6,2197884.4,1553926.9,2563843.4,2349419.1,1304380.2,2029410.1,1517648.0,1516480.4,2628520.4,2513260.2,2213860.6,1187251.0,2627591.5,2400349.7,1494699.8,2298581.5,2660470.9,1890535.5,2266838.5,1447252.2,1941507.2,1529445.0,710179.9,1351186.8,2447551.3,2587406.0,1481325.2,1373507.6,2451966.3,931218.0,2405150.2
7,1500895.3,4503096.5,3491731.5,3244818.0,1009856.5,3320732.3,1675468.5,0.0,4281750.6,535169.3,460228.9,949630.0,2735311.2,458299.8,3834409.0,3226314.0,2535666.5,1347844.8,3156299.5,583076.2,1223543.2,4544838.7,1141820.1,1537125.4,4129900.2,2859306.4,454186.8,2964296.4,571778.7,2207806.0,,,1006435.9,512094.7,472329.1,1342676.6,3050641.8,2024841.2,3987590.1,743664.5,752307.6,2963718.5,23214.6,1520388.6,1007328.2,598510.5,3133328.1,2474935.3,1440795.5,1019469.1,491589.3,2260108.1,575546.5,4192436.5,3704630.8,643115.5,3923851.1,1455182.5,382416.7,699795.0,616275.0,616293.1,3915246.8,1386335.0,681955.9,495361.3,3914317.9,868444.9,545300.1,2640175.4,1533545.7,789598.7,1453241.3,688017.5,1030695.8,2586067.7,2381229.0,593486.8,1746081.3,1668693.8,205135.8,821285.4,3811974.0,1988518.5,873245.4
8,3565591.9,7186174.0,1731992.2,2545958.0,3448967.0,1901816.2,2774661.3,4282037.8,0.0,3810873.8,3828506.6,4096077.1,1619904.9,4464376.8,1486441.3,1233108.6,2847580.7,3206126.4,1156051.6,3830882.8,3160249.2,2387725.4,5014629.9,4236905.2,178218.2,3014322.3,3922764.4,1514997.7,3819585.3,2289453.1,,,4368996.9,3788574.1,3794227.7,4822335.0,1534248.2,3263838.5,338316.4,3933420.5,4981996.0,2092641.5,4304718.2,4220354.7,3819285.6,3846317.1,1800124.6,1968542.3,4803356.4,4976484.7,3797820.7,2704185.9,3824593.1,2094897.6,596175.6,3867613.0,493369.5,4287902.9,3909204.3,4981298.6,3831334.1,3830166.5,1163906.7,4748895.9,4638971.4,3924229.8,882276.0,4825460.5,3808385.9,3298180.5,4816066.3,4661756.6,3988269.9,4218473.3,4177143.0,1920347.8,2065373.3,3797967.0,4074867.9,4214722.6,4087974.4,3694084.1,701130.8,2306925.9,4830260.9
9,974604.9,4792423.3,3019758.3,2718527.6,887702.7,2848759.1,1497354.9,535208.5,3809777.3,0.0,81677.4,423339.6,2263338.0,992974.3,3362435.8,2754340.8,2009376.2,829767.4,2684326.3,56785.8,751570.0,4072865.4,1341892.4,1123684.8,3657927.0,2333016.0,332033.0,2492323.2,45488.3,1735832.8,,,696259.4,27100.4,120448.4,1149597.5,2578668.6,1498550.8,3515616.9,217374.2,1200995.6,2491745.3,557889.0,1106948.1,481037.8,72220.1,2661354.9,2002962.1,1130618.9,1195484.3,50991.5,1744515.3,49256.1,3720463.3,3232657.6,116825.2,3451877.9,1049517.2,256659.9,1234469.4,89984.6,90002.7,3443273.6,1076158.4,857971.1,373207.5,3442344.7,1044460.1,19009.7,2113885.0,1223369.2,1324273.1,926951.0,1137349.1,504405.5,2114094.5,1955464.3,305838.7,1207219.0,1255253.2,341145.2,294995.0,3340000.7,1516545.2,1049260.6
10,1047447.3,4717265.4,3038283.5,2791369.9,812544.8,2867284.3,1478156.9,460050.6,3828302.5,81721.2,0.0,496182.0,2281863.1,917816.4,3380961.0,2772866.0,2082218.5,894396.7,2702851.5,129628.1,770095.2,4091390.6,1414734.7,1196527.2,3676452.2,2405858.4,256875.1,2510848.4,118330.6,1754358.0,,,769101.7,58646.6,40780.6,1222439.8,2597193.8,1571393.2,3534142.1,290216.5,1230613.2,2510270.5,482731.1,1179790.4,553880.1,145062.5,2679880.1,2021487.2,1203461.3,1225101.9,33208.5,1806660.1,122098.4,3738988.4,3251182.7,189667.5,3470403.0,1122359.6,181502.0,1159311.5,162827.0,162845.0,3461798.8,1149000.8,887588.7,298049.6,3460869.9,1074077.8,91852.0,2186727.3,1296211.5,1249115.2,999793.3,1062191.2,577247.8,2132619.7,1973989.5,226171.0,1280061.4,1328095.5,265987.3,367837.4,3358525.9,1535070.4,1078878.2
11,899309.6,5207026.4,3179230.7,2624611.5,1302305.8,2886931.8,1861235.4,949811.6,4094438.3,425048.9,496280.5,0.0,2547998.9,1407577.3,3521908.2,2949106.6,1915460.0,947556.5,2968987.2,378202.4,1016792.9,4070827.2,920984.7,744473.2,3942588.0,2239099.9,746636.1,2698330.6,384410.1,1918524.4,,,275351.7,441703.5,535051.4,728689.8,2738141.0,1404634.7,3800277.9,261832.5,1330324.3,2529918.0,972492.1,727736.4,550776.2,356890.4,2820827.3,2287623.0,709711.2,1166586.3,465594.6,1744307.2,388702.7,3718425.0,3517318.5,311004.9,3709670.9,670305.6,671263.0,1649072.5,335025.5,341467.6,3602746.0,655250.7,845962.2,787810.6,3601817.1,1032451.3,409014.6,2019968.9,802461.5,1738876.2,641161.1,1551952.2,83497.8,2273566.9,2298572.5,698268.3,861997.5,876041.6,755748.3,588972.3,3583624.3,1801206.2,1037251.7
12,2100516.4,5746621.3,1194185.7,1507106.4,2009414.3,1092430.2,1335108.6,2734199.6,1619295.2,2263035.6,2280668.5,2548239.0,0.0,3024824.2,1362353.7,552404.8,1490897.1,1658288.3,508676.6,2283044.6,1612411.1,2247292.8,3466791.7,2771829.6,1467444.9,1741317.6,2374926.3,334359.7,2271747.2,820827.5,,,2821158.7,2240735.9,2246389.6,3274496.8,539507.0,1861873.3,1325134.8,2385582.3,3434157.9,896855.5,2756880.1,2755279.1,2271447.5,2298479.0,835782.3,442523.8,3255518.3,3428646.5,2249982.6,1302220.7,2276755.0,1894890.7,1042175.4,2319774.9,1261395.7,2822827.3,2361366.2,3433460.5,2283496.0,2282328.3,1331482.3,3201057.8,3091133.3,2376391.7,1330553.4,3277622.4,2260547.8,1958706.1,3348268.5,3222203.9,2523194.3,2778920.6,2629304.8,518382.6,625820.6,2250128.9,2672902.7,2812757.4,2540136.3,2146246.0,1149518.6,759087.7,3282422.8
13,1960413.1,4066792.6,3951249.3,3704335.8,1101610.7,3780250.1,1692795.4,461120.7,4463380.1,994687.1,919746.7,1409147.8,3013565.1,0.0,4293926.8,3543228.5,2995184.3,1807362.6,3494090.5,1042594.0,1683061.0,5004356.4,1350499.5,1996643.2,4458268.5,3318824.2,913704.5,3319773.7,1031296.5,2667323.8,,,1465953.7,971612.4,931846.9,1727437.7,3510159.6,2484359.0,4315958.4,1203182.3,767575.9,3423236.3,446269.3,1979906.4,1466846.0,1058028.3,3592845.9,2934453.1,1779121.8,1173344.4,951107.1,2719625.9,1035064.2,4651954.2,3886260.3,1102633.3,4252219.3,1914700.2,841934.5,352622.6,1075792.8,1075810.9,4374764.6,1724661.3,1066717.0,954879.1,4373835.7,1120501.0,1004817.8,3099693.2,1871872.1,334667.7,1912759.1,251713.5,1490213.6,3045585.5,2398555.8,1053004.6,2205599.0,2128211.5,664653.5,1280803.2,4140342.2,2448036.2,1012401.8
14,2598251.3,7071164.5,381661.5,1199982.9,3275610.7,611779.5,2659651.8,3835666.3,1475718.2,3364502.3,3382135.2,3523542.0,1361807.1,4293432.0,0.0,848803.5,1627320.1,2586209.9,1186674.9,3407472.4,2666427.3,1010928.2,4080825.0,3264873.2,1320242.0,1668347.1,3476392.9,1042586.1,3413680.0,1633352.8,,,3521259.3,3342202.6,3347856.3,3951970.1,829678.3,2181341.3,1142657.3,3360885.4,4535624.5,1000342.2,3858346.7,3262124.4,3095578.8,3386160.3,760075.8,1536135.5,3922505.2,4326426.6,3351449.2,1764536.6,3417972.6,718100.4,1353424.6,3363149.2,1000088.7,3369509.3,3462832.9,4534927.2,3364120.9,3366591.1,323713.5,3829783.7,4192600.0,3477858.3,616456.9,4359773.2,3362014.4,1955060.3,3815560.3,4546747.1,3020929.3,4103463.8,3447719.5,1253895.3,1950363.8,3351595.5,3030456.9,3170311.6,3641602.9,3121549.0,791623.4,1930863.4,4405907.0
15,2335763.5,6264917.2,915330.1,1562266.2,2527710.2,905926.1,1853404.5,3233177.8,1232356.6,2762013.8,2779646.6,2949813.9,551375.0,3543120.0,848431.2,0.0,1687436.8,2012481.8,340391.8,2782022.8,2092699.2,1845409.7,3818337.2,3007076.8,1065623.2,1868048.4,2873904.4,285169.3,2770725.3,1059624.7,,,3222733.7,2739714.1,2745367.7,3626042.3,317220.7,2034010.1,878973.7,2787157.3,3933136.0,932497.6,3255858.2,2990526.3,2673022.4,2812432.2,649278.2,786561.4,3590547.4,3927624.7,2748960.7,1474357.5,2775733.1,1552582.0,676100.5,2789421.1,766232.8,3058074.5,2860344.4,3932438.6,2790392.8,2792863.0,764070.4,3503276.4,3590111.4,2875369.8,763141.5,3776600.5,2759525.9,2138036.6,3586237.9,3740499.8,2758441.5,3297216.5,3030879.8,690519.4,1144116.5,2749107.0,2845039.5,2984894.2,3039114.4,2547820.9,640186.2,1258065.9,3781401.0
16,1030644.1,6295483.4,1285375.3,709142.3,2139623.9,1051426.8,1866294.3,2533997.7,2848620.4,2009235.0,2080466.5,1914380.9,1491767.5,2991763.4,1626654.6,1686774.1,0.0,1255594.7,1884917.1,1962388.5,1327839.8,2155358.0,2513217.8,1656083.9,2686149.7,378965.1,2189894.3,1412685.8,1968596.1,794644.2,,,1953652.1,2025889.5,2061357.6,2343180.9,1370167.2,538897.2,2502456.4,1915801.5,3149076.1,760080.5,2556678.1,1653335.1,1527971.5,1941076.4,1069374.2,1147488.7,2313716.0,2758819.4,2049780.6,358543.9,1972888.8,1802955.8,2346184.0,1918065.3,2367966.2,1760720.0,2176334.2,3233258.5,1919037.0,1921507.2,1898992.0,2220994.5,2664714.0,2191359.7,2044905.6,2792166.0,1993200.6,471332.3,2206771.0,3323062.3,1419505.6,2984657.6,1880112.3,991016.7,1492048.4,2065096.9,1421667.6,1561522.3,2339934.3,1703034.2,2150465.5,1056976.2,2838299.8
17,696766.8,5168665.8,2262109.8,1965849.8,936953.3,2081038.3,1164203.2,1346497.0,3204209.9,880119.4,892965.9,949342.6,1657770.5,1804262.7,2604787.3,2031985.7,1256698.3,0.0,2078758.8,833272.9,125169.1,3315216.9,1867895.3,1370390.1,3052359.5,1621523.7,987223.6,1781209.7,839480.6,1001403.5,,,1222262.4,853033.3,858687.0,1675600.5,1821020.1,863711.9,2910049.4,786686.0,2037718.7,1724024.5,1369177.4,1353839.6,672551.1,811960.9,1903706.4,1397394.6,1656621.9,1958112.2,862279.9,977081.1,843773.2,2962814.7,2627090.1,788949.8,2792550.0,1302292.4,973663.6,2045757.9,789921.4,792391.6,2685625.1,1602161.4,1620599.0,988689.1,2684696.2,1807088.0,864085.1,1471661.2,1749372.2,2135561.6,1121754.8,1781987.0,1030408.4,1356446.0,1408344.1,862426.2,1302467.7,1442322.4,1152433.6,547349.6,2666503.4,910977.8,1811888.5
18,2551989.4,6091777.3,1191342.6,1838278.7,2354570.3,1181938.6,1680264.6,3157117.3,1153398.6,2685953.3,2703586.2,2971156.7,509589.6,3369980.2,1184516.4,339192.3,1879259.7,2081206.0,0.0,2705962.3,2035328.8,2181494.9,3889709.4,3223302.6,1082602.6,2107921.9,2797843.9,478661.3,2694664.8,1216489.2,,,3244076.4,2663653.6,2669307.3,3697414.5,593233.2,2250235.9,1037426.5,2808500.0,3857075.5,1208510.1,3179797.7,3206752.1,2694365.1,2721396.7,925290.7,843621.8,3678436.0,3851564.2,2672900.2,1690583.4,2699672.7,1892047.6,576278.8,2742692.5,973687.4,3274300.3,2784283.9,3856378.2,2706413.7,2705246.0,1100155.6,3623975.5,3514051.0,2799309.3,1031454.6,3700540.0,2683465.4,2377910.0,3771186.2,3567359.9,2974667.3,3124076.6,3052222.5,906745.3,970976.6,2673046.5,3061265.4,3201120.1,2963053.9,2569163.6,861810.3,1182005.4,3705340.5
19,929725.3,4840421.7,3064612.6,2673648.0,935701.2,2883541.1,1515829.3,583207.0,3828251.7,58444.3,129675.9,378460.0,2281812.3,1040972.7,3407290.1,2772815.2,1964496.6,832938.4,2702800.7,0.0,770044.3,4117719.7,1297012.8,1078805.2,3676401.4,2288136.4,380031.4,2510797.5,17805.5,1754307.2,,,651379.8,75098.8,168446.8,1104717.9,2623522.9,1453671.2,3534091.3,172494.6,1216043.5,2526527.3,605887.4,1062068.5,436158.2,22619.8,2706209.2,2021436.4,1085739.3,1210532.2,98989.9,1699635.7,21123.9,3765317.6,3251131.9,71945.6,3470352.2,1004637.6,304658.4,1282467.9,45105.0,45123.1,3488127.9,1031278.8,873019.0,421206.0,3487199.0,1059508.0,42410.0,2069005.4,1178489.6,1372271.6,882071.3,1185347.5,459525.9,2158948.8,1973938.7,352862.2,1162339.4,1210373.6,389143.6,276133.5,3358475.1,1535019.6,1064308.5
20,802858.0,5052079.8,2323210.7,2071941.0,820367.2,2142139.3,1047617.1,1220941.0,3159665.2,749777.0,767409.9,1017095.8,1613225.8,1678706.7,2665888.3,2093086.6,1362789.5,124279.9,2034214.1,769786.0,0.0,3376317.9,1935648.6,1476481.3,3007814.9,1727614.9,861667.7,1749359.7,758488.6,1062504.5,,,1290015.6,727477.3,733131.0,1743353.7,1882121.0,969803.1,2865504.7,854439.2,1920899.3,1785125.4,1243621.5,1459930.8,740304.3,785220.4,1964807.4,1352849.9,1724375.1,1915387.9,736724.0,1036543.2,763496.4,3023915.7,2582545.4,806516.3,2801765.7,1370045.6,848107.6,1920201.9,770237.4,769069.7,2746726.0,1669914.6,1577874.7,863133.1,2745797.1,1764363.8,747289.2,1577752.5,1817125.4,2010005.6,1227846.1,1665401.0,1098161.6,1417547.0,1363799.4,736870.3,1408558.9,1548413.6,1026877.7,615102.8,2689888.6,866433.1,1769164.2
21,3181765.7,7963986.4,1073838.3,1462758.6,3988149.5,1247579.3,3552473.7,4548205.1,2377136.9,4077041.1,4094673.9,4065502.5,2250012.2,5005970.8,1009880.7,1845788.6,2153850.1,3298748.6,2183660.0,4120011.1,3378966.0,0.0,4664339.4,3711898.6,2221660.8,1931122.9,4188931.7,1937141.3,4126218.8,2345891.6,,,4104773.7,4054741.4,4060395.0,4398995.6,1744928.3,2707871.2,2044076.0,4073424.2,5300197.7,1628331.3,4570885.5,3709149.8,3679093.1,4098699.1,1448237.8,2248674.3,4369530.7,4969110.0,4063988.0,2392525.7,4130511.4,359679.4,2238186.5,4075688.0,1901507.4,3816534.7,4175371.6,5247465.9,4076659.6,4079129.8,1259193.3,4276809.2,4815835.6,4190397.1,1517875.6,4943287.5,4074553.2,2217836.0,4262585.7,5276466.5,3554824.8,4833183.2,4031233.9,1966434.1,2843185.7,4064134.3,3477482.3,3617337.0,4354141.7,3834087.8,1693042.1,2643402.2,4989421.4
22,1496114.8,5277431.7,3730104.9,3221416.7,2010162.4,3483737.0,2675774.4,1141572.3,5011953.7,1342564.4,1347066.4,919880.5,3465514.3,1349811.7,4071384.2,3814090.1,2512265.2,1865071.9,3886502.6,1295717.9,1934308.3,4667632.4,0.0,1011434.2,4860103.4,2866228.1,1454492.6,3563314.1,1301925.5,2836039.8,,,660864.6,1359218.9,1359166.6,359524.8,3592915.9,2001439.9,4717793.3,1179347.9,768956.4,3126723.2,1135933.9,994697.5,1389796.1,1274405.8,3436016.9,3205138.4,439052.8,267399.4,1383110.0,2341112.4,1306218.1,4315230.2,4434833.9,1228520.3,4574654.4,976086.9,1382722.6,1184907.1,1252540.9,1258983.1,4288232.9,471181.0,465973.6,1495667.2,4411548.3,286121.6,1326530.0,2533771.1,543156.1,1479251.6,1155285.5,1586858.4,837656.1,3141645.0,3216088.0,1544479.0,1220390.1,1143002.6,1204821.3,1506487.8,4448607.8,2718721.6,332255.5
23,682212.1,5917748.2,2919587.9,2266525.6,2013027.6,2685639.4,2511914.7,1536089.1,4230242.3,1135770.8,1207002.3,803147.2,2828493.0,1993854.8,3260867.2,3000187.3,1654421.5,1366556.8,3221642.7,1088924.3,1472880.6,3712741.4,1012101.7,0.0,4063508.9,1833354.0,1457357.9,2749411.3,1095131.9,1955040.1,,,532735.9,1152425.3,1245773.3,667399.1,2779013.1,1111751.2,3873492.5,923275.6,1728159.8,2312820.4,1558769.5,35815.7,707013.4,1067612.2,2622114.1,2376853.7,632483.7,1237513.5,1176316.4,1527209.6,1099424.6,3360339.2,3673986.2,1021726.7,3760751.6,86209.1,1381984.9,2073667.3,1045747.4,1052189.5,3474330.1,545212.7,1243797.7,1498532.5,3597645.5,1291049.9,1119736.5,1500896.9,609659.3,2325153.7,271452.0,2262674.0,720922.8,2327742.2,2652444.3,1408990.2,231860.0,160596.0,1332978.2,1142886.1,3634705.0,2107220.8,1331772.7
24,3397393.6,7179453.3,1579602.8,2382806.5,3442246.3,1738664.7,2767940.6,4128043.9,177069.0,3656879.9,3674512.7,3942083.2,1465911.1,4457656.2,1334051.9,1064910.3,2684429.2,3052132.5,1082829.2,3676888.9,3006255.4,2235336.0,4860636.0,4068706.9,0.0,2851170.7,3768770.5,1346799.4,3665591.4,2121254.8,,,4215003.0,3634580.2,3640233.9,4668341.1,1366049.8,3095640.1,185927.0,3779426.6,4828002.1,1929490.0,4150724.3,4052156.4,3665291.7,3692323.3,1636973.1,1814548.4,4649362.6,4822490.8,3643826.8,2535987.6,3670599.2,1942508.2,522953.2,3713619.1,340980.1,4119704.6,3755210.5,4827304.7,3677340.3,3676172.6,1011517.3,4594902.1,4484977.6,3770235.9,729886.6,4671466.6,3654392.0,3135029.0,4647868.0,4655035.9,3820071.6,4211752.6,4023149.1,1752149.5,2058652.6,3643973.1,3906669.6,4046524.3,3933980.5,3540090.2,548741.4,2152932.0,4676267.1
25,1329332.4,6674666.1,1335803.1,479907.4,2511829.0,1124060.5,2245477.0,2832686.0,3009533.6,2307923.3,2379154.8,2213069.2,1745502.5,3290451.7,1661166.7,1867157.9,386118.3,1627799.8,2123800.1,2261076.8,1700044.8,1926123.1,2863752.6,1831953.0,2847062.9,0.0,2562099.4,1656366.8,2267284.4,1175209.7,,,2252340.4,2324577.8,2433562.7,2519050.0,1550551.0,818182.8,2663369.5,2214489.8,3447764.4,940464.3,2855366.4,1829204.2,1826659.8,2239764.7,1249758.0,1528054.2,2489585.1,3089164.3,2348468.9,737726.5,2271577.1,1573720.9,2526567.8,2216753.6,2528879.4,1936589.1,2548539.3,3531946.8,2217725.3,2220195.5,1938819.6,2396863.5,2963402.3,2563564.8,2180751.6,3142700.8,2291888.9,337890.4,2382640.1,3621750.6,1665136.4,3356862.7,2178800.6,1258327.9,1872613.9,2437302.0,1597536.7,1737391.4,2638622.6,2075239.3,2311378.6,1436158.8,3183423.6
26,1299325.7,4464154.3,3133470.4,2937244.7,557639.6,2962471.2,1223251.6,454959.0,3923489.5,333599.7,258659.2,748060.4,2377050.1,912724.7,3476147.9,2868052.9,2228093.3,989583.7,2798038.4,381506.5,865282.1,4186577.5,1453295.3,1448405.6,3771639.1,2592918.6,0.0,2606035.3,370209.1,1849544.9,,,1020980.1,310525.0,250889.5,1474318.2,2692380.7,1823271.6,3629329.0,542094.9,1206732.5,2605457.4,477639.4,1431668.8,805758.6,396940.9,2775067.0,2116674.2,1455339.7,1330944.3,290019.7,1901847.0,373976.8,3834175.4,3346369.7,441545.9,3565590.0,1374238.0,83950.7,1154219.8,414705.4,414723.5,3556985.7,1400879.2,993431.1,43144.4,3556056.8,1179920.1,343730.4,2438605.8,1548089.9,1244023.6,1251671.7,809080.1,829126.2,2227806.6,1929012.1,170108.9,1531939.8,1579974.0,260895.6,619715.8,3453712.9,1630257.4,1184720.6
27,2085459.4,6043948.7,882980.0,1384848.9,2306741.7,781224.5,1632436.0,2964628.9,1517220.9,2493464.9,2511097.7,2699509.9,334591.3,3322151.6,1042061.5,287165.8,1412729.8,1762177.7,481368.8,2513473.9,1753847.5,1936087.2,3568033.1,2756772.7,1350487.4,1641392.0,2605355.5,0.0,2502176.4,809320.6,,,2972429.6,2471165.2,2476818.8,3375738.2,228301.4,1783706.0,1160471.0,2536853.2,3664587.1,741846.2,2987309.3,2740222.2,2422718.3,2528908.2,524576.7,518012.5,3340243.3,3659075.8,2480411.8,1224053.4,2507184.2,1583685.0,960964.7,2539117.0,1047730.2,2807770.4,2591795.4,3663889.7,2540088.7,2512757.6,1005133.7,3252972.3,3321562.5,2606820.9,1004204.8,3508051.6,2490977.0,1911380.1,3335933.8,3519531.3,2508137.4,3076248.0,2780575.7,440215.4,923148.0,2480558.1,2594735.5,2734590.2,2770565.5,2297516.8,921683.6,989517.0,3512852.1
28,935607.4,4827510.5,3025639.2,2679530.0,922789.9,2889423.2,1503235.8,570295.8,3815658.2,46614.2,116764.6,384342.1,2269218.8,1028061.5,3368316.7,2760221.7,1970378.6,838820.5,2690207.2,17788.2,757450.9,4078746.3,1302894.8,1084687.3,3663807.9,2294018.5,367120.2,2498204.0,0.0,1741713.7,,,657261.8,62197.8,155535.6,1110599.9,2584549.5,1459553.3,3521497.8,178376.6,1199498.8,2532409.3,592976.2,1067950.5,442040.2,33222.6,2667235.8,2008842.9,1091621.4,1193987.5,86078.7,1705517.7,6518.3,3726344.1,3238538.4,77827.6,3457758.7,1010519.7,291747.1,1269556.6,50987.1,51005.1,3449154.5,1037160.9,856474.3,408294.7,3448225.6,1042963.3,29816.5,2074887.4,1184371.6,1359360.4,887953.4,1172436.3,465407.9,2119975.4,1961345.2,340268.7,1168221.5,1216255.6,376232.4,282015.5,3345881.6,1522426.1,1047763.8
29,1283293.6,5639525.8,1289910.4,1191401.9,1648663.0,1124703.5,1228013.1,2208718.6,2289841.4,1737554.6,1755187.4,1918255.9,820530.3,2666484.3,1632588.0,1059786.3,792967.5,980923.8,1213679.9,1802186.3,1061141.2,2343017.6,2836808.7,1954606.8,2123107.9,1166059.3,1849445.2,809010.4,1746266.1,0.0,,,2191175.7,1715254.9,1720908.5,2644513.8,848820.8,1150298.4,1933091.6,1755599.3,2908676.8,767689.7,2231399.0,1938056.3,1641464.4,1780874.2,931507.1,426302.2,2625535.3,2903165.5,1724501.5,590395.8,1751273.9,1990615.4,1733585.3,1757863.1,1820350.7,2005604.5,1835885.1,2907979.4,1758834.8,1761304.9,1713425.7,2450806.4,2565652.2,1850910.6,1712496.8,2752141.3,1735066.7,1340881.9,2533767.9,2936980.0,1705971.5,2493696.7,1999321.8,384246.7,701892.8,1724647.8,1824629.1,1964483.9,2014655.2,1516262.9,1694304.1,303915.6,2756941.7
30,,,,,,,,,,,,,,,,,,,,,,,,,,,,,,,0.0,,,,,,,,,,,,,,,,,,,,,,,,,,,,,,,,,,,,,,,,,,,,,,,,,,,,,,
31,,,,,,,,,,,,,,,,,,,,,,,,,,,,,,,,0.0,,,,,,,,,,,,,,,,,,,,,,,,,,,,,,,,,,,,,,,,,,,,,,,,,,,,,
32,932906.3,5476271.9,3166896.4,2658208.2,1571551.4,2920528.5,2130481.0,1004552.5,4363683.9,694294.5,765526.1,271610.7,2817244.5,1462318.2,3508175.7,3218352.1,1949056.7,1216802.1,3238232.8,647448.0,1286038.5,4104423.9,663627.1,523765.4,4211833.5,2272696.6,1015881.7,2967576.2,653655.7,2187770.0,,,0.0,710949.1,804297.0,471332.2,3007386.6,1438231.4,4069523.4,531078.1,1211739.3,2563514.7,1027233.0,507028.6,820021.8,626136.0,2872808.4,2556868.6,452353.7,909228.7,734840.2,1777903.9,657948.3,3752021.7,3786564.1,580250.4,3978916.5,441822.5,940508.6,1557246.8,604271.1,610713.2,3725024.4,397893.2,727377.2,1057056.2,3871062.7,867449.6,678260.2,2046102.2,545103.9,1793617.1,592077.0,1692035.9,189386.2,2542812.5,2567818.1,967513.9,732721.3,655333.8,801441.6,858217.9,3852869.9,2070451.8,918666.7
33,992996.8,4769436.0,2997655.4,2736919.4,864715.4,2826656.3,1475252.1,512221.3,3787674.5,27270.7,58690.1,441731.4,2241235.1,969987.0,3340333.0,2732237.9,2027768.0,853768.7,2662223.4,75177.6,729467.1,4050762.6,1360284.2,1142076.6,3635824.2,2351407.9,309045.7,2470220.3,63880.1,1713729.9,,,714651.2,0.0,97461.1,1167989.3,2556565.7,1516942.7,3493514.1,235766.0,1218353.2,2469642.4,534901.7,1125339.9,499429.6,90612.0,2639252.1,1980859.2,1149010.8,1212841.8,28004.2,1766032.0,66613.6,3698360.4,3210554.7,135217.0,3429775.0,1067909.1,233672.6,1211482.1,108376.5,108394.5,3421170.7,1094550.3,875328.6,350220.2,3420241.8,1061817.7,37401.5,2132276.8,1241761.0,1301285.9,945342.8,1114361.8,522797.3,2091991.7,1933361.5,282851.5,1225610.8,1273645.0,318157.9,313386.8,3317897.9,1494442.4,1066618.1
34,1086281.2,4694678.1,3018011.7,2821786.1,789957.5,2847012.6,1455569.6,471004.5,3808030.8,120555.1,40356.8,535015.8,2261591.4,928770.2,3360689.2,2752594.2,2112634.6,874125.0,2682579.7,168462.0,749823.4,4071118.9,1358406.7,1235361.0,3656180.5,2477460.0,234287.8,2490576.6,157164.5,1734086.2,,,807935.6,97480.5,0.0,1261273.7,2576922.0,1610227.0,3513870.4,329050.4,1241567.1,2489998.7,493684.9,1218624.3,592714.0,183896.4,2659608.4,2001215.5,1242295.2,1236055.7,76975.2,1786388.3,160932.3,3718716.7,3230911.0,228501.4,3450131.3,1161193.4,158914.8,1170265.3,201660.9,201678.9,3441527.0,1187834.7,898542.5,275462.4,3440598.1,1085031.6,130685.9,2225561.2,1335045.4,1260069.1,1038627.2,1039603.9,616081.7,2112347.9,1902969.3,185696.8,1318895.2,1366929.4,276941.1,406671.2,3338254.2,1514798.7,1089832.0
35,1305100.7,5625531.4,3608864.4,2955802.1,2028807.1,3292722.9,2587736.7,1341935.1,4820939.6,1151550.3,1222781.8,728866.4,3274500.2,1724937.6,3950143.7,3623076.0,2343697.9,1674057.8,3695488.5,1104703.8,1743294.2,4402017.8,360684.2,667836.5,4669089.3,2522630.4,1473137.4,3372300.0,1110911.4,2645025.7,,,469850.5,1168204.8,1261552.8,0.0,3401901.8,1820310.3,4526779.2,988333.8,1117056.1,2935709.1,1336296.7,651099.8,1198782.0,1083391.7,3245002.8,3014124.3,82900.4,586095.9,1192095.9,2150098.3,1115204.0,4049615.6,4243819.8,1037506.2,4383640.3,632489.2,1397764.3,1533006.8,1061526.8,1067968.9,4097218.8,130835.7,762537.4,1514311.9,4220534.2,639632.3,1135515.9,2190173.4,197255.4,1827351.3,893840.0,1954655.2,646641.9,2950630.9,3025073.9,1424769.6,876792.4,799404.9,1258697.4,1315473.7,4257593.7,2527707.5,680355.2
36,2114726.6,6248303.3,690877.8,1245462.4,2511096.3,589122.3,1836790.6,3051253.5,1531970.9,2580089.5,2597722.4,2739129.2,538945.9,3509019.2,830670.4,316305.0,1370633.1,1801797.1,592548.5,2623059.6,1882014.5,1743985.0,3597300.3,2786039.8,1365237.5,1551244.7,2691980.1,226075.0,2629267.2,848940.0,,,3012049.0,2557789.8,2563443.5,3405005.4,0.0,1812973.1,1169374.5,2576472.6,3751211.7,615693.8,3073933.9,2769489.4,2462337.7,2601747.5,332474.4,703823.2,3369510.5,3745700.4,2567036.4,1253320.6,2633559.8,1391582.8,975714.8,2578736.4,1056633.7,2837037.6,2678420.1,3750514.4,2579708.1,2582178.3,881174.5,3282239.4,3408187.2,2693445.5,880245.6,3594676.2,2577601.6,1821232.8,3365201.0,3723885.9,2537404.6,3280602.6,2820195.1,469482.5,1127502.6,2567182.7,2624002.6,2763857.3,2857190.1,2337136.2,949571.3,1146450.6,3599476.7
37,518280.6,6011050.6,1838409.9,1262176.8,1779338.0,1604461.3,1733434.0,2021634.2,3268611.4,1496871.5,1568103.1,1402017.5,1866862.1,2479399.9,2179689.2,2038556.3,542839.9,861230.0,2260011.7,1450025.0,967553.9,2708392.5,2000854.3,1131975.9,3101877.9,843546.1,1818458.6,1787780.4,1456232.7,1159085.1,,,1441288.7,1513526.1,1606874.0,1819072.9,1817382.2,0.0,2911861.6,1403438.0,2636712.6,1256395.0,2044314.6,1129227.1,1015608.1,1428712.9,1565688.7,1522583.3,1789608.0,2246455.9,1537417.1,582319.3,1460525.3,2355990.4,2712355.3,1405701.8,2799120.7,1236612.0,1743085.6,2720895.1,1406673.5,1409143.7,2452026.5,1696886.4,2152350.5,1831073.8,2541220.1,2279802.5,1480837.2,617926.3,1682663.0,2810698.8,887762.7,2624371.7,1367748.8,1366111.3,1856489.2,1704811.0,897559.6,1037414.3,1827570.8,1308669.5,2646780.0,1314399.1,2325936.3
38,3206723.5,7038034.1,1393837.5,2198651.4,3300827.2,1554509.6,2626521.4,3986624.8,336646.5,3515460.8,3533093.6,3800664.1,1324491.9,4316237.0,1148286.7,876108.6,2500274.2,2910713.4,1037617.8,3535469.8,2864836.2,2049570.7,4719216.8,3878036.7,181170.4,2667015.7,3627351.4,1156129.2,3524172.3,1930584.6,,,4073583.9,3493161.0,3498814.7,4526922.0,1169282.3,2904970.0,0.0,3638007.5,4686583.0,1745334.9,4009305.2,3861486.2,3523872.6,3550904.1,1452818.0,1673129.3,4507943.4,4681071.6,3502407.7,2345317.5,3529180.1,1756743.0,516591.6,3572200.0,155214.9,3929034.4,3613791.3,4685885.6,3535921.1,3534753.4,825752.1,4453482.9,4343558.4,3628816.8,544121.4,4530047.5,3512972.9,2950873.9,4457197.8,4513616.8,3629401.4,4070333.5,3881729.9,1561479.4,1917233.5,3502554.0,3715999.5,3855854.2,3792561.4,3398671.1,362976.1,2011512.8,4534847.9
39,882534.2,5000863.3,3017421.4,2626456.8,1096142.7,2836350.0,1655072.4,743648.6,3932629.1,218885.9,290117.4,262460.1,2386189.7,1201414.3,3360099.0,2787297.3,1917305.4,785747.3,2807178.0,172039.4,854983.7,4070528.6,1181012.9,913574.4,3780778.7,2240945.3,540473.0,2536521.4,178247.0,1756715.2,,,535379.9,235540.4,328888.4,988718.0,2576331.8,1406480.1,3638468.6,0.0,1376485.1,2479336.1,766329.0,896837.7,388967.0,150727.3,2659018.1,2125813.8,969739.5,1252663.3,259431.5,1652444.5,182539.7,3718126.4,3355509.3,104841.8,3547861.7,839406.8,465100.0,1442909.4,128862.5,128612.5,3440936.7,915279.0,915150.0,581647.6,3440007.9,1101639.1,202851.6,2021814.2,1062489.7,1532713.2,810262.3,1345789.1,343526.0,2111757.7,2136763.3,492105.3,1031098.7,1045142.8,549585.2,310839.6,3421815.1,1639397.0,1106439.6
40,2140392.9,4510271.5,4191963.8,3865694.7,1761774.8,4128015.1,2445284.8,753521.2,4981982.9,1203351.9,1212147.1,1332122.0,3435543.5,767156.2,4534641.4,3926546.3,3156543.3,2105459.1,3856531.8,1216004.3,1923775.5,5311910.4,769111.4,1731252.0,4830132.6,3480183.2,1206105.0,3664528.7,1197930.3,2908038.3,,,1211155.9,1218935.4,1224247.4,1117593.2,3750874.2,2645717.9,4687822.5,1401309.8,0.0,3771001.2,738669.8,1714515.2,1708678.8,1231438.7,3833560.5,3175167.6,1197121.2,591956.3,1243507.6,2985390.5,1193869.6,4959508.2,4404863.1,1276043.7,4624083.4,1649309.0,1134335.0,417747.0,1249203.2,1249221.2,4615479.1,1229249.4,504392.2,1247279.6,4614550.2,539112.9,1188534.9,3253588.8,1301224.5,712091.5,1799563.6,1004203.0,1374692.1,3286300.1,3151045.3,1345405.1,1940207.8,1862820.3,957054.0,1454231.4,4512206.3,2688750.8,431013.7
41,1646603.1,6395542.3,635702.9,640705.0,2404679.5,389335.0,1984029.6,2964735.1,2092871.5,2493571.1,2511204.0,2530339.9,896172.9,3422500.8,976982.2,931025.2,759620.8,1706583.0,1207268.7,2527845.5,1786800.4,1612127.8,3129176.7,2317916.3,1930400.8,940232.5,2605461.7,746835.3,2534053.1,768235.6,,,2569611.1,2471271.4,2476925.1,2936881.8,614418.3,1249973.4,1746707.4,2481258.5,3765035.1,0.0,2987415.5,2301365.8,2143930.5,2506533.4,313625.2,746732.6,2901387.0,3374778.4,2480518.0,812888.4,2538345.8,1259725.6,1590435.0,2483522.3,1612217.2,2368914.1,2591901.7,3663996.0,2484494.0,2486964.2,1165841.3,2814115.9,3280673.0,2606927.1,1289156.6,3408124.9,2491083.2,1210220.6,2950347.6,3692996.6,2069281.1,3249713.3,2496071.3,462433.4,1295831.0,2480664.3,2165244.2,2305098.9,2770671.7,2241922.1,1394716.5,1059932.2,3454258.8
42,1523712.2,4489301.8,3514548.4,3267634.9,1032673.4,3343549.3,1698285.5,24419.8,4304567.5,557986.2,483045.8,972446.9,2758128.1,444505.1,3857226.0,3249130.9,2558483.5,1370661.7,3179116.4,605893.1,1246360.1,4567655.6,1136215.9,1559942.3,4152717.2,2882123.3,477003.7,2987113.3,594595.6,2230622.9,,,1029252.9,534911.6,495146.1,1337072.4,3073458.8,2047658.1,4010407.1,766481.5,738512.8,2986535.4,0.0,1543205.6,1030145.1,621327.5,3156145.1,2497752.2,1463612.4,1013864.9,514406.2,2282925.0,598363.4,4215253.4,3727447.7,665932.5,3946668.0,1477999.4,405233.7,686000.2,639091.9,639110.0,3938063.7,1409151.9,676351.7,518178.2,3937134.8,862840.7,568117.0,2662992.3,1556362.7,775803.9,1476058.3,674222.7,1053512.8,2608884.7,2404045.9,616303.8,1768898.2,1691510.7,227952.7,844102.3,3834790.9,2011335.4,867641.2
43,669251.1,5900593.9,2919979.3,2266917.0,1995873.3,2656873.3,2498953.8,1518934.8,4217281.4,1118616.5,1189848.0,785992.9,2815532.1,1976700.5,3261258.6,2987226.4,1654812.8,1353595.8,3208681.8,1071770.0,1459919.7,3713132.7,995197.0,36480.2,4050547.9,1833745.3,1440203.6,2736450.4,1077977.6,1942079.2,,,515581.6,1135271.0,1228619.0,650494.4,2766052.2,1124510.7,3860531.6,906121.3,1711005.5,2299859.5,1541615.2,0.0,689859.1,1050457.9,2609153.2,2363892.8,615579.0,1220608.8,1159162.1,1514248.7,1082270.3,3360730.5,3661025.3,1004572.4,3747790.7,69054.8,1364830.6,2056513.0,1028593.1,1035035.2,3461369.2,528308.0,1226643.4,1481378.2,3584684.6,1274145.2,1102582.1,1501288.3,611269.5,2307999.4,258491.1,2245519.7,703768.5,2314781.3,2639483.4,1391835.9,232251.4,181738.5,1315823.9,1125731.8,3621744.1,2094259.9,1314868.0
44,494334.7,5264008.4,2746945.6,2238257.4,1233653.7,2500577.7,1719763.1,1006793.7,3817844.9,482031.0,553262.5,551254.2,2271405.5,1464559.4,3088224.9,2672513.2,1529105.9,670963.2,2692393.9,435184.5,740199.5,3684473.1,1469806.9,704676.5,3665994.6,1852745.8,803618.1,2421737.2,441392.2,1641931.1,,,824173.9,498685.5,592033.5,1277512.0,2461547.6,1018280.6,3523684.5,388597.5,1639630.2,2143563.9,1029474.1,687939.7,0.0,413872.4,2452857.6,2011029.6,1258533.5,1560023.8,522576.6,1357953.1,445684.8,3332070.9,3240725.1,390861.3,3433077.6,630508.9,728245.1,1706054.5,391833.0,394303.2,3326152.6,1136297.9,1222510.5,844792.7,3325223.7,1408999.6,465996.7,1633614.8,1219259.4,1795858.3,446680.7,1608934.2,632320.0,1996973.5,2021979.2,755250.4,726948.8,836244.9,812730.3,436640.3,3307030.9,1524612.8,1413800.0
45,908295.7,4855849.4,3043182.9,2652218.3,951128.9,2862111.5,1531257.0,598634.7,3843679.4,73872.0,145103.6,357030.4,2297240.1,1056400.4,3385860.5,2788242.9,1943066.9,811508.8,2718228.4,22552.2,785472.1,4096290.1,1275583.1,1057375.6,3691829.1,2266706.8,395459.2,2526225.3,33233.2,1782476.7,,,629950.1,90526.6,183874.5,1083288.2,2602093.3,1432241.6,3549519.0,151064.9,1231471.3,2505097.6,621315.1,1040638.8,414728.5,0.0,2684779.6,2036864.2,1064309.7,1225959.9,114417.7,1678206.0,37525.8,3743887.9,3266559.6,50515.9,3485779.9,983208.0,320086.1,1297895.6,23675.4,23693.4,3466698.2,1009849.2,888446.7,436633.7,3465769.3,1074935.8,57837.7,2047575.7,1157059.9,1387699.3,860641.7,1200775.3,438096.2,2137519.2,1989366.4,368289.9,1140909.7,1188943.9,404571.3,254703.8,3373902.8,1550447.3,1079736.2
46,1955257.8,6550492.2,390395.5,924013.2,2574655.3,265575.8,2138979.5,3134710.9,1800438.3,2663546.9,2681179.7,2822586.6,836517.9,3592476.6,756927.3,648041.0,1068275.5,1885254.4,924284.5,2706516.9,1965471.8,1443502.6,3437831.4,2626571.0,1637967.6,1248887.2,2775437.5,523647.0,2712724.6,932397.3,,,2878265.8,2641247.2,2646900.8,3245536.5,331434.1,1558628.1,1454274.3,2659929.9,3834669.1,313336.3,3157391.3,2610020.5,2452585.2,2685204.8,0.0,835180.1,3210041.7,3683433.1,2650493.8,1121543.1,2717017.2,1091100.5,1307450.9,2662193.7,1319784.1,2677568.8,2761877.4,3833971.7,2663165.4,2665635.6,873408.1,3122770.6,3491644.5,2776902.9,996723.5,3678133.6,2661059.0,1518875.3,3259002.3,3862972.3,2377935.8,3419689.0,2903652.4,552939.9,1429691.5,2650640.1,2473898.9,2613753.6,2940647.5,2420593.6,1102283.4,1229907.9,3682934.0
47,1705813.9,5701137.1,1179864.0,1343502.9,1806679.7,1035803.2,1289624.4,2475536.4,1970325.9,2004372.4,2022005.3,2289575.8,444997.9,2933302.1,1522541.5,778783.8,1153520.9,1325011.9,844874.8,2024381.4,1353747.9,2232971.2,3208128.5,2377127.2,1818475.6,1526612.6,2116263.0,516766.2,2013083.9,426125.1,,,2562495.5,1982072.7,1987726.4,3015833.6,702583.0,1524497.1,1676165.5,2126919.1,3175494.6,733252.0,2498216.8,2360576.7,2012784.2,2039815.8,821460.6,0.0,2996855.1,3169983.3,1991319.3,964844.5,2018091.8,1880569.0,1393206.1,2061111.6,1539348.1,2428124.9,2102703.0,3174797.3,2024832.8,2023665.1,1496751.6,2942394.6,2832470.1,2117728.4,1495822.7,3018959.1,2001884.5,1621329.9,2956288.3,3094996.8,2128491.9,2651713.5,2370641.6,274126.3,593698.1,1991465.6,2247149.5,2387004.2,2281473.0,1887582.7,1413301.5,500424.5,3023759.6
48,1275301.8,5920143.2,3578995.0,2925932.7,2015422.6,3345046.4,2574352.3,1448423.8,4807555.1,1138165.8,1209397.3,715481.9,3261115.7,1782391.7,3920274.3,3593277.0,2313828.5,1660673.3,3682104.0,1091319.3,1729909.7,4372148.4,440303.5,638538.2,4655704.8,2492761.0,1459752.9,3342501.1,1097526.9,2631641.2,,,456466.0,1154820.3,1248168.3,82766.5,3372102.9,1790440.9,4513394.7,974949.3,1196675.5,2905910.2,1471104.2,621801.5,1185397.5,1070007.2,3215203.8,3000739.8,0.0,665715.3,1178711.4,2120299.4,1101819.5,4019746.2,4230435.3,1024121.7,4353841.4,603190.9,1384379.8,1612626.2,1048142.3,1054584.5,4067419.9,105518.9,819991.5,1500927.4,4190735.2,719251.7,1122131.4,2160303.9,116275.2,1906970.7,864541.7,2012109.4,633257.5,2920832.0,3011689.4,1411385.2,847494.1,769535.5,1245312.9,1302089.2,4227794.8,2514323.0,759974.5
49,1743513.6,5099948.6,3977503.7,3468815.4,1887315.3,3731135.8,2552927.3,1018725.2,4975288.6,1196657.6,1224219.3,1167279.3,3428849.3,1172328.6,4318783.0,3919852.1,2759664.0,1957034.6,3849837.6,1209310.1,1917081.3,4915031.2,267239.3,1238517.4,4823438.3,3093311.3,1331645.6,3657834.5,1191236.1,2901344.1,,,908263.3,1212241.2,1236319.6,586608.0,3744179.9,2248838.7,4681128.2,1252885.3,591473.3,3374122.0,1013086.8,1221780.6,1560254.3,1224744.4,3683415.6,3168473.4,666136.0,0.0,1236122.1,2588511.2,1187175.4,4562629.0,4398168.9,1269349.5,4617389.2,1203170.1,1259875.5,1007424.0,1242508.9,1242527.0,4535631.7,698264.2,343126.5,1372820.1,4607856.0,165474.2,1181840.6,2760854.2,770239.3,1301768.5,1402684.3,1409375.3,1085054.8,3279605.8,3120975.6,1421632.0,1447473.3,1370085.8,1081974.2,1447537.2,4505512.0,2682056.5,200205.8
50,1015568.6,4748954.8,3006404.8,2759491.3,844234.3,2835405.7,1484001.5,491740.1,3796423.9,49842.6,38209.0,464303.3,2249984.5,949505.8,3349082.3,2740987.3,2050339.8,862518.1,2670972.8,97749.5,738216.5,4059512.0,1382856.0,1164648.5,3644573.5,2373979.7,288564.5,2478969.7,86452.0,1722479.3,,,737223.1,26768.0,76979.9,1190561.2,2565315.1,1539514.5,3502263.4,258337.8,1241959.3,2478391.8,514420.5,1147911.7,522001.5,113183.8,2648001.4,1989608.6,1171582.6,1236448.0,0.0,1774781.4,90219.8,3707109.8,3219304.1,157788.8,3438524.4,1090480.9,213191.5,1191001.0,130948.3,130966.4,3429920.1,1117122.1,898934.8,329739.1,3428991.2,1085423.8,59973.4,2154848.7,1264332.9,1280804.7,967914.6,1093880.6,545369.1,2100741.0,1942110.9,262370.3,1248182.7,1296216.9,297676.7,335958.7,3326647.3,1503191.8,1090224.3
51,869462.3,5990316.9,1416436.4,1061978.1,1847895.6,1170068.5,1561127.8,2257439.3,2706289.6,1755544.1,1803908.2,1753199.1,1304540.3,2715205.0,1757715.7,1476234.5,356748.5,1044529.2,1697689.9,1708697.6,1036111.4,2392861.3,2352036.0,1540775.6,2539556.1,728674.3,1898165.9,1225458.6,1714905.2,596495.6,,,1792470.3,1763975.6,1769629.3,2159741.1,1255060.4,577113.4,2349539.8,1662110.6,2987894.3,813054.6,2280119.7,1524225.1,1366789.8,1687385.5,1122348.3,960261.5,2124246.2,2597637.6,1773222.2,0.0,1719197.9,2040459.1,2150033.5,1664374.4,2236798.9,1591773.3,1884605.9,2956700.2,1665346.1,1667816.3,1974564.4,2036975.2,2503532.2,1899631.3,2097879.7,2630984.2,1739509.8,799860.0,2119936.7,3046503.9,1292140.3,2692929.3,1718930.5,803789.5,1293899.7,1773368.5,1378738.3,1518593.0,2063375.9,1491233.2,2110752.3,751809.6,2677118.0
52,939710.4,4831210.7,3074597.6,2683633.0,926490.2,2893526.2,1510904.3,573996.0,3823326.7,50314.5,120464.9,388445.1,2276887.3,1031761.7,3417275.2,2767890.2,1974481.6,842923.5,2697875.7,21891.2,765119.4,4127704.8,1306997.8,1088790.3,3671476.4,2298121.5,370820.4,2505872.6,6529.4,1749382.2,,,661364.8,65898.0,159235.8,1114702.9,2633508.0,1463656.3,3529166.3,182479.6,1192035.1,2536512.3,596676.4,1072053.5,446143.2,37325.6,2716194.3,2016511.4,1095724.4,1186523.8,89778.9,1709620.7,0.0,3775302.6,3246206.9,81930.6,3465427.2,1014622.7,295447.4,1273256.9,55090.1,55108.1,3498112.9,1041263.9,849010.5,411995.0,3497184.0,1035499.6,35558.7,2078990.4,1188474.6,1363060.6,892056.4,1176136.5,469510.9,2168933.9,1969013.7,344626.2,1172324.5,1220358.6,379932.6,286118.5,3353550.1,1530094.6,1040300.1
53,2829339.5,7611560.2,721412.1,1110332.4,3635723.3,895153.1,3200047.5,4195778.9,2082717.8,3724614.9,3742247.7,3713076.3,1897586.0,4653544.6,715461.6,1551369.6,1801423.9,2946322.4,1892917.4,3767585.0,3026539.8,366647.6,4311913.2,3359472.5,1927241.7,1578696.7,3836505.5,1584715.1,3773792.6,1993465.4,,,3752347.5,3702315.2,3707968.9,4046569.4,1392502.1,2355445.1,1749656.9,3720998.0,4947771.5,1275905.1,4218459.3,3356723.6,3326666.9,3746272.9,1095811.6,1896248.1,4017104.5,4616683.8,3711561.8,2040099.5,3778085.2,0.0,1943767.5,3723261.8,1607088.3,3464108.5,3822945.5,4895039.7,3724233.4,3726703.6,964774.3,3924383.0,4463409.4,3837970.9,1223456.6,4590861.3,3722127.0,1865409.8,3910159.5,4924040.4,3202398.6,4480757.0,3678807.7,1614007.9,2490759.6,3711708.1,3125056.1,3264910.9,4001715.5,3481661.6,1398623.0,2290976.0,4636995.2
54,3009277.6,6608657.5,1576043.2,2222979.3,2871450.5,1566639.2,2197144.8,3704521.3,594559.8,3233357.3,3250990.1,3518560.6,1042388.4,3886860.3,1302136.8,676794.2,2348149.9,2628609.9,578535.1,3253366.3,2582732.7,2246523.8,4437113.4,3680590.8,523763.8,2528761.6,3345247.9,958683.3,3242068.8,1733138.7,,,3791480.4,3211057.6,3216711.2,4244818.5,977933.8,2707524.1,516799.8,3355904.0,4404479.5,1593210.7,3727201.7,3664040.3,3241769.1,3268800.6,1309991.3,1391025.8,4225839.9,4398968.2,3220304.2,2147871.6,3247076.6,1953696.0,0.0,3290096.5,513819.4,3731588.5,3331687.8,4403782.1,3253817.6,3252650.0,1022705.1,4171379.4,4061454.9,3346713.3,741074.4,4247944.0,3230869.4,2798749.7,4259751.9,4084240.1,3431955.5,3640956.8,3599626.4,1364033.5,1487856.8,3220450.5,3518553.6,3658408.3,3510457.9,3116567.6,571430.2,1729409.3,4252744.4
55,884771.6,4900136.5,3019658.8,2628694.2,995416.0,2838587.3,1554345.6,642921.8,3866768.0,118159.1,189390.7,308591.1,2320328.6,1100687.5,3362336.4,2789534.7,1919542.8,787984.7,2741316.9,71312.6,808560.6,4072766.0,1227143.8,1008936.3,3714917.7,2243182.7,439746.2,2538758.8,77520.3,1758952.6,,,581510.8,134813.6,228161.6,1034848.9,2578569.1,1408717.4,3572607.6,102625.6,1275758.3,2481573.5,665602.2,992199.5,391204.4,50000.5,2661255.5,2059952.7,1015870.4,1270247.0,158704.7,1654681.9,81812.9,3720363.8,3289648.2,0.0,3508868.5,934768.7,364373.2,1342182.7,28135.7,34577.8,3443174.1,961409.9,932733.8,480920.8,3442245.2,1119222.8,102124.8,2024051.6,1108620.6,1431986.4,905624.2,1245062.3,389656.9,2113995.1,2012455.0,391378.5,1126460.6,1140504.7,448858.4,252859.8,3396991.4,1573535.9,1124023.3
56,3095581.0,6974268.4,1246800.0,2060487.3,3237061.5,1416345.5,2562755.7,3922859.1,488794.4,3451695.1,3469327.9,3736898.4,1260726.2,4252471.3,1001249.2,764966.1,2362110.0,2772299.2,973852.1,3471704.1,2801070.5,1902533.3,4578154.6,3766894.2,333318.3,2528851.5,3563585.7,1044986.7,3460406.6,1819442.1,,,4009818.2,3429395.3,3435049.0,4385859.8,1058139.8,2793827.5,155733.5,3574241.8,4622817.3,1607170.8,3945539.5,3750343.7,3460106.9,3487138.4,1314653.8,1546378.9,4350364.9,4617305.9,3438642.0,2234175.0,3465414.4,1609705.5,512946.5,3508434.3,0.0,3817892.0,3550025.6,4622119.9,3472155.4,3470987.7,678714.6,4263093.8,4279792.7,3565051.1,397083.9,4466281.8,3449207.2,2812709.8,4346055.3,4449851.1,3518259.0,4006567.7,3817964.2,1450336.9,1853467.8,3438788.3,3604857.0,3744711.7,3728795.7,3334905.4,215938.7,1947747.1,4471082.2
57,738180.7,5842596.8,3025945.8,2372883.5,1937876.2,2725802.9,2350857.5,1460937.7,4286211.0,1060619.4,1131850.9,727995.8,2884461.6,1918703.4,3367225.1,3056155.9,1760779.3,1302057.5,3277611.3,1013772.9,1371293.9,3819099.2,976687.1,84917.9,4119477.5,1939711.8,1382206.5,2805379.9,1019980.5,2011008.7,,,457584.4,1077273.9,1170621.9,631984.5,2834981.7,1153710.0,3929461.1,848124.1,1653008.4,2368789.0,1483618.1,68181.1,631862.0,992460.8,2678082.7,2432822.3,597069.1,1202098.9,1101165.0,1583178.3,1024273.1,3466697.0,3729954.8,946575.3,3816720.3,0.0,1306833.4,1998515.9,970595.9,977038.0,3530298.8,509798.1,1168646.3,1423381.0,3653614.1,1255635.3,1044585.0,1607254.7,592759.6,2250002.3,287690.4,2187522.6,645771.3,2383710.9,2708412.9,1333838.7,293873.8,216486.3,1257826.8,1067734.7,3690673.6,2155707.2,1296358.1
58,1223161.9,4543081.5,3133560.5,2937334.9,638360.9,2962561.4,1303973.0,382339.3,3923579.6,257435.8,182495.4,671896.5,2377140.2,840105.1,3476238.1,2868143.0,2228183.4,989673.8,2798128.5,305342.7,865372.2,4186667.7,1380675.7,1372241.7,3771729.3,2593008.8,82691.2,2606125.4,294045.2,1849635.0,,,944816.3,234361.2,174725.7,1398154.4,2692470.8,1747107.7,3629419.2,465931.1,1134112.8,2605547.5,405019.8,1355505.0,729594.7,320777.1,2775157.2,2116764.3,1379175.9,1258324.7,213855.9,1901937.1,297813.0,3834265.5,3346459.8,365382.1,3565680.1,1298074.1,0.0,1081600.2,338541.6,338559.6,3557075.8,1324715.4,920811.4,123865.7,3556146.9,1107300.5,267566.6,2362441.9,1471926.1,1171403.9,1175507.9,888007.3,752962.4,2227896.8,2009733.4,218856.9,1455775.9,1503810.1,188276.0,543551.9,3453803.0,1630347.5,1112101.0
59,2200580.4,4095270.0,4191416.6,3944503.1,1439098.6,4020417.5,2030283.3,701288.0,4981435.7,1234854.4,1159914.0,1649315.1,3434996.3,352154.7,4534094.2,3925999.1,3235351.7,2047529.9,3855984.6,1282761.3,1923228.3,5244523.8,1185362.3,2074267.5,4829585.4,3558991.5,1153871.9,3663981.5,1271463.8,2907491.2,,,1554171.5,1211779.8,1172014.3,1533844.0,3750327.0,2724526.3,4687275.3,1443349.7,417785.8,3663403.6,686436.6,2057530.8,1707013.3,1298195.7,3833013.3,3174620.4,1613372.0,1008207.2,1191274.5,2959793.2,1275231.6,4892121.6,4404315.9,1342800.7,4623536.2,1992324.6,1082101.9,0.0,1315960.1,1315978.2,4614931.9,1645500.2,847407.8,1195046.4,4614003.0,955363.7,1244985.2,3339860.5,1717475.3,297089.9,2152926.5,589201.4,1730381.0,3285752.9,2736043.8,1293172.0,2283223.4,2205835.9,904820.9,1520970.5,4511659.1,2688203.6,847264.5
60,886552.8,4876818.2,3021440.1,2630475.5,972097.7,2840368.6,1518604.5,619603.5,3831026.9,94840.8,166072.4,335287.5,2284587.6,1077369.2,3364117.6,2791316.0,1921324.0,789765.9,2705575.9,47994.3,772819.6,4074547.2,1253840.2,1035632.7,3679176.6,2244963.9,416427.9,2513572.8,54202.0,1760733.8,,,608207.2,111495.4,204843.3,1061545.3,2580350.4,1410498.7,3536866.5,129322.0,1252440.0,2483354.7,642283.9,1018895.9,392985.7,26682.2,2663036.7,2024211.7,1042566.8,1246928.7,135386.4,1656463.2,58494.6,3722145.0,3253907.1,28773.0,3473127.4,961465.1,341054.9,1318864.4,0.0,4900.5,3444955.4,988106.3,909415.5,457602.5,3444026.5,1095904.6,78806.5,2025832.9,1135317.0,1408668.1,838898.8,1221744.0,416353.3,2115776.3,1976713.9,355637.4,1119166.9,1167201.1,425540.1,246341.5,3361250.3,1537794.8,1100705.0
61,888289.1,4873161.1,3023176.4,2632211.8,917790.4,2842104.9,1516272.0,615946.4,3828694.5,91183.7,162415.2,340228.3,2282255.1,1073712.1,3365853.9,2793052.3,1923060.4,791502.3,2703243.4,44337.2,770487.1,4076283.6,1258781.1,1040573.5,3676844.1,2246700.2,412770.8,2511240.3,50544.8,1762470.2,,,613148.1,107838.2,201186.2,1066486.2,2582086.7,1412235.0,3534534.0,128646.6,1248782.9,2485091.1,638626.8,1023836.8,394722.0,23025.1,2664773.0,2021879.2,1047507.6,1243271.6,131729.3,1658199.5,54837.4,3723881.4,3251574.7,33713.8,3470795.0,966405.9,337397.7,1315207.2,4912.7,0.0,3446691.7,993047.1,905758.3,453945.3,3445762.8,1092247.4,75149.3,2027569.2,1140257.9,1405011.0,840635.2,1218086.9,421294.1,2117512.6,1974381.5,353305.0,1120903.2,1172141.9,421883.0,244009.0,3358917.8,1535462.4,1097047.9
62,2807976.2,7044454.3,621496.9,1475861.9,3307247.4,879824.2,2632941.6,3916191.7,1155672.5,3445027.7,3462660.5,3604067.4,1335097.0,4373957.4,309456.6,764361.0,1895364.8,2666735.2,1102232.3,3487997.7,2746952.6,1259744.5,4290549.9,3479289.4,1000196.4,1944226.1,3556918.3,1007174.9,3494205.4,1713878.1,,,3730984.2,3422728.0,3428381.6,4098255.0,879917.0,2449386.0,822611.6,3441410.7,4616149.9,1166054.7,3938872.1,3462738.9,3327275.9,3466685.6,873537.8,1508567.0,4062760.1,4536151.5,3431974.6,1974261.5,3498498.0,966916.7,1016722.1,3443674.5,680043.0,3530287.2,3543358.2,4615452.5,3444646.2,3447116.4,0.0,3975489.0,4273125.3,3558383.7,296411.2,4459614.4,3442539.8,2230939.3,4083605.0,4520036.9,3230654.2,4076753.6,3685133.2,1334420.7,1923653.6,3432120.9,3298501.6,3438356.3,3722128.3,3202074.4,471577.7,1980071.5,4464414.8
63,1182368.6,5858547.7,3486632.9,2833570.6,1953827.2,3169990.7,2512756.8,1386828.3,4745959.6,1076570.3,1147801.9,653886.4,3199520.3,1720796.3,3827912.2,3500343.8,2221466.4,1599077.9,3620508.6,1029723.8,1668314.3,4279786.3,471949.4,545605.0,4594109.3,2400398.9,1398157.4,3249567.8,1035931.5,2455196.6,,,394870.5,1093224.9,1186572.8,130442.2,3279169.6,1698078.8,4451799.2,913353.9,1228321.3,2812976.9,1409508.7,528868.2,1138274.9,1008411.7,3122270.6,2939144.4,99643.8,697361.2,1117115.9,2027366.1,1040224.1,3927384.1,4168839.9,962526.2,4260908.1,510257.7,1322784.4,1644272.1,986546.9,992989.0,3974486.6,0.0,758396.1,1439332.0,4097802.0,750897.6,1060536.0,2067941.8,181066.6,1938616.5,771608.5,1950513.9,571662.0,2827898.7,2950093.9,1349789.7,754560.9,677173.4,1183717.4,1240493.7,4134861.5,2452727.5,791620.4
64,1656558.4,4948644.1,3849859.7,3381860.3,1551905.3,3644180.6,2217517.4,683315.2,4639878.7,861247.7,888809.3,848287.5,3093439.3,1066317.7,4192537.2,3584442.2,2672708.8,1621624.6,3514427.7,873900.2,1581671.3,4828076.0,466943.7,1247417.5,4488028.4,2996348.7,996235.6,3322424.5,855826.1,2565934.2,,,727321.5,876831.2,900909.6,763391.0,3408770.0,2161883.5,4345718.3,917475.4,510612.2,3287166.8,677676.9,1230680.8,1224844.4,889334.5,3491456.3,2833063.4,815075.1,344592.7,900712.1,2501556.0,851765.4,4475673.8,4062758.9,933939.5,4281979.2,1165474.6,924465.6,856119.6,907099.0,907117.1,4273375.0,760614.5,0.0,1037410.2,4272446.1,193568.6,846430.7,2769754.3,907825.3,1150464.1,1315729.1,1296035.4,890857.7,2944195.9,2785565.7,1086222.0,1456373.4,1378985.9,746564.3,1112127.2,4170102.1,2346646.6,198369.0
65,1340288.9,4407573.7,3134121.6,2937896.0,516262.9,2963122.4,1181875.0,495922.2,3924140.7,374562.9,299622.5,789023.6,2377701.3,953687.9,3476799.1,2868704.1,2228744.5,990234.9,2798689.6,422469.8,865933.3,4187228.8,1494258.5,1489368.8,3772290.3,2593569.9,43343.5,2606686.5,411172.3,1850196.1,,,1061943.4,351488.3,291852.8,1515281.5,2693031.9,1835758.1,3629980.2,583058.2,1247695.7,2606108.6,518602.6,1472632.1,846721.8,437904.1,2775718.2,2117325.4,1496302.9,1371907.5,330982.9,1902498.2,414940.1,3834826.6,3347020.9,482509.2,3566241.2,1415201.2,124913.9,1195183.1,455668.6,455686.7,3557636.9,1441842.4,1034394.3,0.0,3556708.0,1220883.4,384693.7,2443707.4,1589053.2,1284986.8,1292634.9,804115.7,870089.5,2228457.8,1887635.4,170760.1,1572903.0,1620937.2,301858.8,660679.0,3454364.1,1630908.6,1225683.8
66,2931613.6,7031986.5,868893.7,1723258.6,3294779.6,1098866.8,2620473.8,3915762.2,872203.6,3444598.2,3462231.0,3603637.9,1318444.3,4373527.9,623342.8,763931.5,2044631.4,2666305.7,1031570.3,3487568.2,2746523.1,1524626.9,4414187.3,3602926.8,716727.5,2191622.9,3556488.8,1006745.4,3493775.9,1713448.7,,,3876557.7,3422298.5,3427952.1,4221892.4,879487.5,2534983.9,539142.7,3440981.3,4615720.4,1289692.1,3938442.6,3586376.3,3326846.4,3466256.2,997175.2,1508137.6,4186397.5,4610209.1,3431545.1,2097898.9,3498068.5,1231799.2,733253.2,3443245.1,396574.1,3653924.6,3542928.7,4615023.0,3444216.7,3446686.9,300808.2,4099126.4,4272695.8,3557954.2,0.0,4459184.9,3442110.3,2478336.0,4235358.1,4507569.2,3354291.6,4064285.9,3684703.7,1333991.2,1911185.9,3431691.4,3450254.7,3590109.4,3721698.8,3201644.9,188108.8,1979642.0,4463985.4
67,1778863.5,5048845.4,4012853.6,3504165.3,1738720.2,3766485.7,2404332.2,870130.1,4826693.5,1048062.5,1075624.2,1035102.4,3280254.2,1121225.4,4354132.9,3771257.0,2795013.9,1808439.5,3701242.5,1060715.0,1768486.2,4950381.0,288272.2,1295541.3,4674843.2,3150335.2,1183050.4,3509239.4,1042641.0,2752749.0,,,866062.6,1063646.1,1087724.4,643631.9,3595584.8,2284188.6,4532533.1,1104290.2,540370.1,3409471.9,864491.7,1278804.6,1411659.2,1076149.3,3678271.1,3019878.3,723159.9,167915.7,1087527.0,2623861.1,1038580.3,4597978.9,4249573.7,1120754.4,4468794.0,1260194.0,1111280.4,956320.8,1093913.8,1093931.9,4460189.8,755288.1,194531.4,1224225.0,4459260.9,0.0,1033245.5,2817878.1,827263.2,1250665.3,1438034.2,1358272.1,1029598.8,3131010.7,2972380.5,1273036.8,1504497.2,1427109.7,933379.1,1298942.1,4356916.9,2533461.4,103669.2
68,960435.1,4802473.0,3018557.6,2704357.8,897752.5,2847558.5,1496154.3,545258.3,3808576.7,20495.6,91727.1,409169.8,2262137.3,1003024.0,3361235.2,2753140.1,1995206.4,815597.6,2683125.6,42616.0,750369.3,4071664.8,1327722.6,1109515.0,3656726.4,2318846.2,342082.7,2491122.5,31318.5,1734632.2,,,682089.6,37150.1,130498.1,1135427.7,2577468.0,1484381.0,3514416.3,203204.4,1188460.8,2490544.6,567938.7,1092778.3,466868.0,58050.3,2660154.3,2001761.4,1116449.1,1182949.5,61041.2,1730345.5,36326.3,3719262.6,3231456.9,102655.4,3450677.2,1035347.4,266709.7,1244519.2,75814.8,75832.9,3442072.9,1061988.6,845436.3,383257.3,3441144.0,1031925.3,0.0,2099715.2,1209199.4,1334322.9,912781.2,1147398.8,490235.7,2112893.9,1954263.7,315888.5,1193049.2,1241083.4,351194.9,280825.2,3338800.1,1515344.6,1036725.8
69,1131344.0,6624114.0,1627249.3,771353.5,2392401.4,1415506.6,2310227.5,2634697.6,3297890.9,2109934.9,2181166.4,2015080.8,1959981.3,3092463.3,1952612.9,2136044.6,471779.0,1474293.4,2392686.8,2063088.4,1580617.3,2217569.2,2534022.5,1502222.9,3135420.2,338181.9,2431522.0,1925253.5,2069296.0,1345595.3,,,2053385.8,2126589.4,2219937.4,2189319.9,1819437.7,620194.4,2951726.8,2016501.4,3248809.8,1209351.0,2657378.0,1499474.1,1628671.4,2041776.3,1518644.7,1615702.5,2159855.0,2759434.2,2150480.5,802477.0,2073588.7,1865167.1,2795454.5,2018765.2,2817236.7,1606859.0,2356149.0,3333958.4,2019736.9,2022207.1,2230265.7,2067133.4,2764447.6,2444137.2,2472197.8,2812970.7,2093900.6,0.0,2052910.0,3423762.2,1466782.3,3237435.1,1980812.2,1459230.5,2042999.5,2317874.4,1267806.6,1407661.3,2440634.2,1921732.9,2599735.9,1500909.3,2853693.5
70,1265253.9,6007955.1,3472565.5,2819503.2,2103234.6,3238617.0,2662164.2,1536235.7,4813284.2,1225977.7,1297209.3,803293.9,3348927.7,1870203.7,3813844.8,3583229.2,2207399.0,1748485.3,3769916.0,1179131.2,1817721.7,4265718.9,551469.3,609866.5,4646550.7,2386331.5,1547564.9,3332453.2,1185338.9,2538082.0,,,544277.9,1242632.3,1335980.2,193932.2,3362055.0,1684011.4,4456534.4,1062761.3,1307841.3,2949884.5,1558916.2,611753.6,1221160.3,1157819.1,3259178.2,2959895.5,112975.7,776881.1,1266523.3,2110251.5,1189631.5,3913316.7,4257028.1,1111933.6,4343793.5,593143.0,1472191.8,1723792.0,1135954.3,1142396.4,4086182.1,182262.8,907803.5,1588739.4,4234709.6,830417.5,1209943.4,2053874.5,0.0,2018136.5,854493.8,2099921.3,721069.4,2910784.1,3099501.3,1499197.1,825396.6,663106.0,1333124.8,1389901.1,4217746.9,2602135.0,871140.3
71,2291943.5,3807598.2,4220461.0,4035866.2,1301387.1,4049461.9,1892571.7,792651.1,4663156.5,1326217.5,1251277.1,1740678.2,3213341.5,321602.3,4547544.0,3743004.8,3326714.8,2138893.0,3693866.9,1374124.4,2014591.4,5273568.2,1480299.7,2328173.6,4658044.9,3650354.6,1245235.0,3519550.0,1362826.9,2936535.5,,,1797484.2,1303142.9,1263377.4,1828781.4,3724697.4,2815889.4,4515734.7,1534712.8,712723.2,3692448.0,777799.7,2311436.9,1798376.4,1389558.7,3862057.7,3094499.7,1908309.4,1303144.6,1282637.5,3051156.3,1366594.7,4921166.0,4086036.7,1434163.8,4451995.7,2246230.7,1173464.9,297769.9,1407323.2,1407341.3,4516672.6,1940437.6,1142345.2,1286409.5,4515743.7,1250301.1,1336348.3,3431223.6,2012412.7,0.0,2244289.6,451489.9,1821744.1,3314797.2,2598332.2,1384535.1,2537129.5,2459742.0,996184.0,1612333.6,4340118.6,2639775.4,1142201.9
72,437501.5,5710182.2,2671491.6,2106539.9,1679827.5,2425123.7,2267204.1,1452967.5,3985531.8,928204.8,999436.3,641127.6,2583782.4,1910733.2,3012770.9,2755476.7,1417606.5,1121846.2,2976932.1,881358.3,1228170.1,3552755.6,1156802.3,275376.7,3818798.3,1687909.2,1249791.9,2504700.8,887565.9,1710329.5,,,597236.6,944859.3,1038207.3,893762.7,2534302.6,886649.7,3628782.0,817644.7,1792660.6,2068109.8,1475647.9,258826.2,446941.3,860046.2,2377403.5,2132143.1,858847.3,1402403.9,968750.4,1282499.1,891858.6,3200353.5,3429275.7,916095.8,3516041.1,302544.9,1174418.9,2152228.3,838006.8,840477.0,3229619.6,771576.3,1308298.5,1290966.5,3352934.9,1435750.4,912170.4,1432127.8,854537.8,2242032.1,0.0,2055108.0,606858.9,2083031.7,2407733.7,1201424.2,285486.8,325898.2,1258904.1,882814.1,3389994.5,1862510.2,1481884.3
73,2104504.4,4015976.0,3779033.2,3730609.6,859959.2,3608034.0,1451143.8,596391.9,4221728.6,1138778.4,1063838.0,1553239.1,2771913.6,257301.8,4106116.2,3301577.0,3021458.1,1782948.5,3252439.0,1186685.3,1666262.1,4832140.3,1591433.1,2253584.3,4216617.0,3386283.5,809873.9,3078122.2,1175387.8,2495107.7,,,1826158.9,1115703.8,1056068.3,1960535.7,3283269.5,2628471.7,4074306.9,1347273.7,1008509.5,3251020.2,594743.9,2236847.6,1610937.3,1202119.6,3420629.8,2653071.8,2012219.7,1414278.0,1095198.4,2695211.8,1179155.6,4479738.1,3644608.8,1246724.7,4010567.8,2179416.7,889129.4,593556.2,1219884.1,1219902.2,4075244.8,1957759.2,1299814.9,804785.2,4074315.9,1361434.5,1148909.2,3236421.1,2104970.0,454681.5,2056850.4,0.0,1634304.9,2873369.4,2156904.3,965612.6,2337118.5,2385152.7,804473.4,1424894.5,3898690.7,2198347.5,1253335.3
74,864908.3,5288529.2,3098898.4,2590210.2,1383808.7,2852530.5,1942738.3,1031314.5,4175941.1,506551.8,577783.4,83867.9,2629501.8,1489080.2,3440177.7,3030609.4,1881058.7,1029059.4,3050490.1,459705.3,1098295.8,4036425.9,839384.1,724440.6,4024090.8,2204698.6,828138.9,2779833.5,465913.0,2000027.3,,,193751.1,523206.3,616554.3,647089.2,2819643.8,1370233.4,3881780.7,343335.4,1373816.1,2495516.7,1053994.9,707703.8,632279.1,438393.2,2804810.4,2369125.9,628110.7,1084985.8,547097.4,1709905.9,470205.6,3684023.7,3598821.3,392507.7,3791173.8,642497.7,752765.9,1730575.4,416528.4,422970.5,3684248.8,573650.2,889454.0,869313.5,3683319.9,1029526.4,490517.5,1985567.6,720860.9,1820379.1,606759.8,1633455.0,0.0,2355069.8,2380075.4,779771.2,933396.5,856009.0,837251.1,670475.2,3665127.2,1882709.0,1080743.5
75,1663181.2,5943783.2,908590.4,1072823.2,2026818.2,765123.5,1532270.5,2586873.8,1918729.9,2115709.8,2133342.6,2274749.5,516980.6,3044639.5,1251267.9,688674.9,990451.6,1337417.3,910130.2,2158679.8,1417634.7,1961697.5,3145754.9,2334494.5,1751996.4,1254325.1,2227600.4,437898.9,2164887.5,384560.3,,,2547669.3,2093410.1,2099063.8,2953460.0,467500.7,1361427.8,1561980.1,2112092.9,3286832.0,462572.3,2609554.2,2317944.0,1997958.0,2137367.8,550187.0,287245.7,2917965.1,3281320.7,2102656.7,801775.2,2169180.1,1609295.4,1362473.8,2114356.7,1449239.2,2385492.2,2214040.4,3286134.6,2115328.3,2117798.5,1332105.7,2830694.1,2943807.4,2229065.8,1331176.8,3130296.5,2113221.9,1458260.6,2913655.6,3315135.2,2085859.2,2871851.9,2355815.3,0.0,836344.2,2102803.0,2172457.2,2312311.9,2392810.4,1872756.5,1323192.6,682070.9,3135097.0
76,1980921.8,5121796.1,1786828.2,1903235.7,1384589.1,1685072.7,710283.4,2382231.8,2065642.8,1955279.0,1972911.8,2298329.9,615827.8,2399999.0,1950030.3,1145491.1,1490595.8,1408379.2,1096353.2,1975288.0,1362502.0,2839935.3,3216882.7,2652235.0,2060531.2,1863687.5,1929653.1,922036.3,1963990.5,701233.0,,,2571249.7,1932979.3,1902370.2,3024587.8,1127183.7,1847926.7,1918221.1,2135673.3,3151206.7,1292984.8,2404912.2,2635684.5,2021538.4,1990722.3,1428424.8,592525.6,3005609.2,3120889.9,1942225.9,1288024.0,1968998.3,2487533.1,1488523.0,2012018.2,1854482.0,2703232.8,2011223.4,2736253.4,1975739.4,1974571.7,1919158.9,2951148.7,2783376.6,1894094.2,1918230.1,2969865.7,1952791.1,2038510.1,3098359.5,2597378.7,2403599.8,2154095.4,2379395.8,833859.1,0.0,1850008.5,2522257.4,2662112.1,2188168.4,1831598.9,1742604.9,605293.2,2974666.2
77,1249472.8,4582327.4,3021973.7,2825748.0,691016.7,2850974.5,1356628.7,593455.9,3811992.7,305487.6,225289.2,698207.5,2265553.3,1051221.6,3364651.2,2756556.2,2116596.6,878086.9,2686541.7,354962.8,753785.3,4075080.8,1616760.2,1398552.7,3660142.4,2481421.9,169337.2,2494538.5,343665.3,1738048.2,,,971127.2,282413.0,185134.4,1424465.3,2580884.0,1723610.1,3517832.3,492242.0,1345229.4,2493960.7,616136.3,1381815.9,755905.6,370397.2,2663570.3,2005177.4,1405486.8,1420597.7,261907.6,1790350.3,348673.1,3722678.6,3234872.9,391693.0,3454093.2,1324385.1,218434.7,1292716.8,355414.2,354246.5,3445489.0,1351026.3,1083084.5,170802.6,3444560.1,1269573.5,332465.9,2331559.5,1498237.0,1382520.5,1201818.8,964677.4,779273.3,2116309.9,1850762.2,0.0,1482086.9,1530121.0,399392.5,399716.1,3342216.1,1518760.6,1274374.0
78,619378.1,5990319.4,2688154.0,2035091.7,2221830.8,2454205.5,2449080.7,1744765.6,4073378.6,1208341.9,1279573.5,863255.2,2671629.3,2202531.4,3029433.3,2843323.6,1422987.6,1303722.8,3064779.0,1161495.4,1410046.7,3481307.5,1221027.9,234842.4,3906645.1,1601920.1,1529929.1,2592547.6,1167703.1,1829915.7,,,741412.4,1224996.5,1318344.4,876325.3,2622149.4,899599.9,3716628.8,1039772.3,1936836.4,2165473.1,1767446.1,232093.6,727078.5,1140183.4,2474766.7,2251729.2,841409.9,1446439.6,1248887.6,1370345.9,1171995.7,3128905.3,3517122.5,1138223.4,3603887.9,294885.7,1454556.0,2282343.8,1118143.9,1120614.1,3301770.7,754138.8,1452474.3,1571103.6,3450298.1,1499976.1,1192307.6,1269463.0,825330.8,2533830.2,287402.7,2335245.2,929599.3,2170878.5,2527319.8,1481561.3,0.0,234220.2,1541654.7,1162951.3,3555858.0,1957798.6,1540698.9
79,758533.1,6048922.7,2827309.0,2174246.7,2144202.1,2593360.5,2588235.7,1667263.5,4212533.6,1266945.2,1338176.8,934321.7,2810784.3,2125029.2,3168588.3,2982478.6,1562142.5,1442877.8,3203933.9,1220098.7,1549201.6,3620462.4,1144547.0,161753.6,4045800.1,1741075.0,1588532.4,2731702.6,1226306.4,1969070.6,,,663910.3,1283599.8,1376947.7,799844.4,2761304.4,1038754.9,3855783.8,1054450.0,1859334.3,2304628.0,1689944.0,182319.9,838187.8,1198786.7,2613921.7,2390884.2,770379.5,1369958.8,1307490.9,1509500.9,1230599.0,3268060.3,3656277.5,1152901.2,3743042.9,217383.6,1513159.3,2204841.7,1176921.8,1183363.9,3440925.7,677658.0,1374972.2,1629706.9,3589453.1,1423495.2,1250910.9,1408618.0,663434.6,2456328.1,327802.5,2393848.5,852097.2,2310033.5,2666474.8,1540164.6,234723.8,0.0,1464152.6,1274060.6,3695013.0,2096953.6,1464218.0
80,1306721.9,4720403.6,3297558.0,3050644.5,815683.0,3126558.9,1481295.1,207008.5,4087577.1,340995.8,266055.4,755456.5,2541137.7,664774.2,3640235.6,3032140.5,2341493.1,1153671.3,2962126.0,388902.7,1029369.7,4350665.2,1205143.8,1335939.4,3935726.8,2665133.0,260013.3,2770122.9,377605.2,2013632.6,,,805249.9,317921.2,278155.7,1258588.0,2856468.4,1830667.7,3793416.7,549491.1,958782.0,2769545.1,229689.0,1319202.6,813154.7,404337.1,2939154.7,2280761.8,1239609.5,1082792.8,297415.9,2065934.6,381373.0,3998263.0,3510457.3,448942.1,3729677.6,1253996.5,188243.3,906269.4,422101.6,422119.6,3721073.3,1185149.0,745279.6,301187.8,3720144.5,931768.6,351126.6,2446001.9,1332359.7,996073.1,1259067.9,894491.9,836522.4,2391894.3,2187055.6,399313.4,1544895.2,1467507.8,0.0,627111.9,3617800.5,1794345.0,936569.1
81,833965.9,5078800.8,2769540.7,2405641.7,799155.5,2588469.2,1373957.4,821586.1,3684748.3,296823.4,368054.9,565581.5,2138309.0,1279351.8,3112218.3,2539416.6,1696490.3,537866.6,2559297.3,275947.4,607103.0,3822647.9,1484134.3,1140740.4,3532898.0,2061315.6,618410.5,2288640.7,282155.1,1508834.5,,,838501.3,313477.9,406825.9,1291839.4,2328451.0,1303503.8,3390587.9,311020.4,1454399.2,2231455.4,844266.5,1124003.6,436831.4,254635.3,2411137.4,1877933.1,1272860.9,1448887.8,337369.0,1482873.2,286447.7,3470245.7,3107628.5,253031.5,3299981.0,1066572.8,543037.5,1520846.9,246539.9,245372.2,3193056.0,1218400.4,1111374.6,659585.1,3192127.1,1297863.7,280789.1,1911453.2,1365611.1,1610650.7,882744.6,1423726.6,646647.4,1863877.0,1832066.8,399753.7,1163012.6,1272308.7,627522.7,0.0,3173934.4,1391516.2,1302664.1
82,2971093.5,6861637.9,1037458.3,1847546.8,3124430.9,1203405.0,2450125.2,3810228.5,696859.6,3339064.5,3356697.4,3585143.9,1148095.7,4139840.8,791907.4,640478.6,2149169.5,2647811.8,861221.6,3359073.5,2688440.0,1693191.5,4453667.2,3642406.8,541383.5,2315911.0,3450955.1,920499.3,3347776.0,1694954.7,,,3858063.7,3316764.8,3322418.5,4261372.3,948098.1,2639522.1,363798.7,3422487.3,4510186.7,1394230.3,3832908.9,3625856.3,3308352.4,3374507.9,1101713.3,1421891.4,4225877.4,4504675.4,3326011.4,2109687.5,3352783.8,1400363.7,562904.6,3395803.7,221230.1,3693404.5,3437395.1,4509489.4,3359524.9,3358357.2,469372.8,4138606.4,4167162.2,3452420.5,187742.1,4353651.2,3336576.6,2599769.3,4221567.9,4337220.5,3393771.5,3893937.2,3666209.8,1325849.4,1740837.2,3326157.7,3554792.8,3694647.5,3616165.1,3183150.9,0.0,1835116.6,4358451.7
83,1432984.0,5343388.5,1588433.8,1484133.0,1352525.8,1417434.7,931875.8,1988130.4,2306409.6,1516966.4,1534599.3,1802169.8,759970.2,2445896.1,1931111.4,1250973.0,1057795.5,912219.1,1180958.5,1536975.4,866341.9,2641541.0,2720722.5,2086939.0,2154559.3,1429721.3,1628857.0,988955.4,1525677.9,304508.3,,,2075089.5,1494666.7,1500320.4,2528427.6,1147344.1,1310323.6,2012249.2,1639513.1,2688088.6,1060420.8,2010810.8,2070388.5,1525378.2,1552409.8,1230030.5,499594.3,2509449.1,2682577.3,1503913.3,750420.9,1530685.8,2289138.8,1729289.8,1573705.6,1948510.1,2155119.6,1615297.0,2687391.3,1537426.8,1536259.1,1968940.9,2454988.6,2345064.1,1630322.5,1968012.0,2531553.1,1514478.5,1500907.0,2602199.3,2640842.8,1838303.8,2197559.5,1883235.6,682770.1,606088.6,1504059.6,1956961.4,2096816.1,1794067.0,1400176.7,1836633.0,0.0,2536353.6
84,1823179.1,4938808.5,4040168.2,3548480.9,1742213.9,3810801.2,2407825.9,873623.8,4830187.3,1051556.2,1079117.9,1038596.1,3283747.9,1011188.5,4398448.4,3774750.7,2839329.4,1811933.2,3704736.2,1064208.7,1771979.9,4994696.6,332587.7,1332978.9,4678336.9,3187772.8,1186544.2,3512733.1,1046134.7,2756242.7,,,917630.0,1067139.8,1091218.2,681069.5,3599078.5,2328504.1,4536026.8,1107783.9,430333.2,3453787.4,867985.4,1316242.2,1415152.9,1079643.1,3681764.8,3023372.0,760597.5,200554.5,1091020.7,2668176.6,1042074.0,4642294.4,4253067.5,1124248.1,4472287.8,1297631.6,1114774.1,846284.0,1097407.5,1097425.6,4463683.5,792725.7,198025.1,1227718.7,4462754.6,102589.2,1036739.2,2855315.7,864700.8,1140628.4,1482349.7,1248235.2,1081166.2,3134504.4,2975874.3,1276530.6,1541934.8,1464547.3,936872.8,1302435.8,4360410.6,2536955.2,0.0
